External_ID__c,Name,Drug__r.Drug_Code__c,Order__c,Description__c,Criteria_Logic__c,Always_Run__c
100extrabgts_200_Pharmanet_Payload_if_Approved,Pharmanet Payload if Approved,100extrabgts,200,Migrated from Drug Template records to criteria-based actions.,AND(1),false
1PPIpant_100_Approve_Case,Approve Case,1PPIpant,100,Migrated from Adjudication Criteria records to criteria-based actions.,"OR(AND(1,2), AND(3, 4, 5))",false
1PPIpant_200_Pharmanet_Payload_if_Approved,Pharmanet Payload if Approved,1PPIpant,200,Migrated from Drug Template records to criteria-based actions.,AND(1),false
1PPIrabe_100_Approve_Case,Approve Case,1PPIrabe,100,Migrated from Adjudication Criteria records to criteria-based actions.,"OR(AND(1,2), AND(3, 4, 5))",false
1PPIrabe_200_Pharmanet_Payload_if_Approved,Pharmanet Payload if Approved,1PPIrabe,200,Migrated from Drug Template records to criteria-based actions.,AND(1),false
2PPIesom_200_Pharmanet_Payload_if_Approved,Pharmanet Payload if Approved,2PPIesom,200,Migrated from Drug Template records to criteria-based actions.,AND(1),false
2PPIlans_200_Pharmanet_Payload_if_Approved,Pharmanet Payload if Approved,2PPIlans,200,Migrated from Drug Template records to criteria-based actions.,AND(1),false
2PPIomep_200_Pharmanet_Payload_if_Approved,Pharmanet Payload if Approved,2PPIomep,200,Migrated from Drug Template records to criteria-based actions.,AND(1),false
2PPIpant_200_Pharmanet_Payload_if_Approved,Pharmanet Payload if Approved,2PPIpant,200,Migrated from Drug Template records to criteria-based actions.,AND(1),false
abatacept_200_Pharmanet_Payload_if_Approved,Pharmanet Payload if Approved,abatacept,200,Migrated from Drug Template records to criteria-based actions.,AND(1),false
abobotulinum_200_Pharmanet_Payload_if_Approved,Pharmanet Payload if Approved,abobotulinum,200,Migrated from Drug Template records to criteria-based actions.,AND(1),false
ACEIcapt_200_Pharmanet_Payload_if_Approved,Pharmanet Payload if Approved,ACEIcapt,200,Migrated from Drug Template records to criteria-based actions.,AND(1),false
ACEIcila_200_Pharmanet_Payload_if_Approved,Pharmanet Payload if Approved,ACEIcila,200,Migrated from Drug Template records to criteria-based actions.,AND(1),false
ACEIdena_200_Pharmanet_Payload_if_Approved,Pharmanet Payload if Approved,ACEIdena,200,Migrated from Drug Template records to criteria-based actions.,AND(1),false
ACEIenap_200_Pharmanet_Payload_if_Approved,Pharmanet Payload if Approved,ACEIenap,200,Migrated from Drug Template records to criteria-based actions.,AND(1),false
ACEIfosi_200_Pharmanet_Payload_if_Approved,Pharmanet Payload if Approved,ACEIfosi,200,Migrated from Drug Template records to criteria-based actions.,AND(1),false
ACEIliso_200_Pharmanet_Payload_if_Approved,Pharmanet Payload if Approved,ACEIliso,200,Migrated from Drug Template records to criteria-based actions.,AND(1),false
ACEIperi_200_Pharmanet_Payload_if_Approved,Pharmanet Payload if Approved,ACEIperi,200,Migrated from Drug Template records to criteria-based actions.,AND(1),false
ACEIquin_200_Pharmanet_Payload_if_Approved,Pharmanet Payload if Approved,ACEIquin,200,Migrated from Drug Template records to criteria-based actions.,AND(1),false
ACEItran_200_Pharmanet_Payload_if_Approved,Pharmanet Payload if Approved,ACEItran,200,Migrated from Drug Template records to criteria-based actions.,AND(1),false
acetaminophen_200_Pharmanet_Payload_if_Approved,Pharmanet Payload if Approved,acetaminophen,200,Migrated from Drug Template records to criteria-based actions.,AND(1),false
adalimumab_200_Pharmanet_Payload_if_Approved,Pharmanet Payload if Approved,adalimumab,200,Migrated from Drug Template records to criteria-based actions.,AND(1),false
ADHDamph_200_Pharmanet_Payload_if_Approved,Pharmanet Payload if Approved,ADHDamph,200,Migrated from Drug Template records to criteria-based actions.,AND(1),false
ADHDatom_200_Pharmanet_Payload_if_Approved,Pharmanet Payload if Approved,ADHDatom,200,Migrated from Drug Template records to criteria-based actions.,AND(1),false
ADHDlisd_200_Pharmanet_Payload_if_Approved,Pharmanet Payload if Approved,ADHDlisd,200,Migrated from Drug Template records to criteria-based actions.,AND(1),false
ADHDmeth_200_Pharmanet_Payload_if_Approved,Pharmanet Payload if Approved,ADHDmeth,200,Migrated from Drug Template records to criteria-based actions.,AND(1),false
ADTIdone_200_Pharmanet_Payload_if_Approved,Pharmanet Payload if Approved,ADTIdone,200,Migrated from Drug Template records to criteria-based actions.,AND(1),false
ADTIgala_200_Pharmanet_Payload_if_Approved,Pharmanet Payload if Approved,ADTIgala,200,Migrated from Drug Template records to criteria-based actions.,AND(1),false
ADTIriva_200_Pharmanet_Payload_if_Approved,Pharmanet Payload if Approved,ADTIriva,200,Migrated from Drug Template records to criteria-based actions.,AND(1),false
afibdaba_200_Pharmanet_Payload_if_Approved,Pharmanet Payload if Approved,afibdaba,200,Migrated from Drug Template records to criteria-based actions.,AND(1),false
aggrenox_200_Pharmanet_Payload_if_Approved,Pharmanet Payload if Approved,aggrenox,200,Migrated from Drug Template records to criteria-based actions.,AND(1),false
alemtuzumab_200_Pharmanet_Payload_if_Approved,Pharmanet Payload if Approved,alemtuzumab,200,Migrated from Drug Template records to criteria-based actions.,AND(1),false
alenalen_200_Pharmanet_Payload_if_Approved,Pharmanet Payload if Approved,alenalen,200,Migrated from Drug Template records to criteria-based actions.,AND(1),false
alenrise_200_Pharmanet_Payload_if_Approved,Pharmanet Payload if Approved,alenrise,200,Migrated from Drug Template records to criteria-based actions.,AND(1),false
alitretinoin_200_Pharmanet_Payload_if_Approved,Pharmanet Payload if Approved,alitretinoin,200,Migrated from Drug Template records to criteria-based actions.,AND(1),false
antiemeticgran_200_Pharmanet_Payload_if_Approved,Pharmanet Payload if Approved,antiemeticgran,200,Migrated from Drug Template records to criteria-based actions.,AND(1),false
antiemeticonda_200_Pharmanet_Payload_if_Approved,Pharmanet Payload if Approved,antiemeticonda,200,Migrated from Drug Template records to criteria-based actions.,AND(1),false
antifungalciclo_200_Pharmanet_Payload_if_Approved,Pharmanet Payload if Approved,antifungalciclo,200,Migrated from Drug Template records to criteria-based actions.,AND(1),false
antifungalclio_200_Pharmanet_Payload_if_Approved,Pharmanet Payload if Approved,antifungalclio,200,Migrated from Drug Template records to criteria-based actions.,AND(1),false
antifungalclot_200_Pharmanet_Payload_if_Approved,Pharmanet Payload if Approved,antifungalclot,200,Migrated from Drug Template records to criteria-based actions.,AND(1),false
antifungalketo_200_Pharmanet_Payload_if_Approved,Pharmanet Payload if Approved,antifungalketo,200,Migrated from Drug Template records to criteria-based actions.,AND(1),false
antifungalmico_200_Pharmanet_Payload_if_Approved,Pharmanet Payload if Approved,antifungalmico,200,Migrated from Drug Template records to criteria-based actions.,AND(1),false
apomorphine_200_Pharmanet_Payload_if_Approved,Pharmanet Payload if Approved,apomorphine,200,Migrated from Drug Template records to criteria-based actions.,AND(1),false
aprepitant_200_Pharmanet_Payload_if_Approved,Pharmanet Payload if Approved,aprepitant,200,Migrated from Drug Template records to criteria-based actions.,AND(1),false
ARBcand_100_Approve_Case,Approve Case,ARBcand,100,Migrated from Adjudication Criteria records to criteria-based actions.,"OR(AND(1,3), 2)",false
ARBcand_200_Pharmanet_Payload_if_Approved,Pharmanet Payload if Approved,ARBcand,200,Migrated from Drug Template records to criteria-based actions.,AND(1),false
ARBepro_200_Pharmanet_Payload_if_Approved,Pharmanet Payload if Approved,ARBepro,200,Migrated from Drug Template records to criteria-based actions.,AND(1),false
ARBirbe_200_Pharmanet_Payload_if_Approved,Pharmanet Payload if Approved,ARBirbe,200,Migrated from Drug Template records to criteria-based actions.,AND(1),false
ARBlosa_100_Approve_Case,Approve Case,ARBlosa,100,Migrated from Adjudication Criteria records to criteria-based actions.,"OR(AND(2,3), 1)",false
ARBlosa_200_Pharmanet_Payload_if_Approved,Pharmanet Payload if Approved,ARBlosa,200,Migrated from Drug Template records to criteria-based actions.,AND(1),false
ARBolme_200_Pharmanet_Payload_if_Approved,Pharmanet Payload if Approved,ARBolme,200,Migrated from Drug Template records to criteria-based actions.,AND(1),false
ARBtelm_100_Approve_Case,Approve Case,ARBtelm,100,Migrated from Adjudication Criteria records to criteria-based actions.,"OR(AND(2,3), 1)",false
ARBtelm_200_Pharmanet_Payload_if_Approved,Pharmanet Payload if Approved,ARBtelm,200,Migrated from Drug Template records to criteria-based actions.,AND(1),false
ARBvals_100_Approve_Case,Approve Case,ARBvals,100,Migrated from Adjudication Criteria records to criteria-based actions.,"OR(AND(2,3), 1)",false
ARBvals_200_Pharmanet_Payload_if_Approved,Pharmanet Payload if Approved,ARBvals,200,Migrated from Drug Template records to criteria-based actions.,AND(1),false
aripip_200_Pharmanet_Payload_if_Approved,Pharmanet Payload if Approved,aripip,200,Migrated from Drug Template records to criteria-based actions.,AND(1),false
asenapine_200_Pharmanet_Payload_if_Approved,Pharmanet Payload if Approved,asenapine,200,Migrated from Drug Template records to criteria-based actions.,AND(1),false
Avonex_200_Pharmanet_Payload_if_Approved,Pharmanet Payload if Approved,Avonex,200,Migrated from Drug Template records to criteria-based actions.,AND(1),false
azet_200_Pharmanet_Payload_if_Approved,Pharmanet Payload if Approved,azet,200,Migrated from Drug Template records to criteria-based actions.,AND(1),false
baclofen_200_Pharmanet_Payload_if_Approved,Pharmanet Payload if Approved,baclofen,200,Migrated from Drug Template records to criteria-based actions.,AND(1),false
benralizumab_200_Pharmanet_Payload_if_Approved,Pharmanet Payload if Approved,benralizumab,200,Migrated from Drug Template records to criteria-based actions.,AND(1),false
benzydamine_200_Pharmanet_Payload_if_Approved,Pharmanet Payload if Approved,benzydamine,200,Migrated from Drug Template records to criteria-based actions.,AND(1),false
BPHDUTA_200_Pharmanet_Payload_if_Approved,Pharmanet Payload if Approved,BPHDUTA,200,Migrated from Drug Template records to criteria-based actions.,AND(1),false
BPHFINA_200_Pharmanet_Payload_if_Approved,Pharmanet Payload if Approved,BPHFINA,200,Migrated from Drug Template records to criteria-based actions.,AND(1),false
brex_200_Pharmanet_Payload_if_Approved,Pharmanet Payload if Approved,brex,200,Migrated from Drug Template records to criteria-based actions.,AND(1),false
budcaps_200_Pharmanet_Payload_if_Approved,Pharmanet Payload if Approved,budcaps,200,Migrated from Drug Template records to criteria-based actions.,AND(1),false
budenema_200_Pharmanet_Payload_if_Approved,Pharmanet Payload if Approved,budenema,200,Migrated from Drug Template records to criteria-based actions.,AND(1),false
bupre_inj_200_Pharmanet_Payload_if_Approved,Pharmanet Payload if Approved,bupre inj,200,Migrated from Drug Template records to criteria-based actions.,AND(1),false
bupropiondepression_100_Approve_Case,Approve Case,bupropiondepression,100,Migrated from Adjudication Criteria records to criteria-based actions.,"OR(AND(2,3), 1)",false
bupropiondepression_200_Pharmanet_Payload_if_Approved,Pharmanet Payload if Approved,bupropiondepression,200,Migrated from Drug Template records to criteria-based actions.,AND(1),false
cad_200_Pharmanet_Payload_if_Approved,Pharmanet Payload if Approved,cad,200,Migrated from Drug Template records to criteria-based actions.,AND(1),false
carv_200_Pharmanet_Payload_if_Approved,Pharmanet Payload if Approved,carv,200,Migrated from Drug Template records to criteria-based actions.,AND(1),false
CCBfelo_200_Pharmanet_Payload_if_Approved,Pharmanet Payload if Approved,CCBfelo,200,Migrated from Drug Template records to criteria-based actions.,AND(1),false
CCBnife_200_Pharmanet_Payload_if_Approved,Pharmanet Payload if Approved,CCBnife,200,Migrated from Drug Template records to criteria-based actions.,AND(1),false
celecox_200_Pharmanet_Payload_if_Approved,Pharmanet Payload if Approved,celecox,200,Migrated from Drug Template records to criteria-based actions.,AND(1),false
certo_200_Pharmanet_Payload_if_Approved,Pharmanet Payload if Approved,certo,200,Migrated from Drug Template records to criteria-based actions.,AND(1),false
chlorambucil_200_Pharmanet_Payload_if_Approved,Pharmanet Payload if Approved,chlorambucil,200,Migrated from Drug Template records to criteria-based actions.,AND(1),false
chloroquine_200_Pharmanet_Payload_if_Approved,Pharmanet Payload if Approved,chloroquine,200,Migrated from Drug Template records to criteria-based actions.,AND(1),false
ciproophthcipr_200_Pharmanet_Payload_if_Approved,Pharmanet Payload if Approved,ciproophthcipr,200,Migrated from Drug Template records to criteria-based actions.,AND(1),false
clobazam_200_Pharmanet_Payload_if_Approved,Pharmanet Payload if Approved,clobazam,200,Migrated from Drug Template records to criteria-based actions.,AND(1),false
codeine_200_Pharmanet_Payload_if_Approved,Pharmanet Payload if Approved,codeine,200,Migrated from Drug Template records to criteria-based actions.,AND(1),false
COPDaclid_200_Pharmanet_Payload_if_Approved,Pharmanet Payload if Approved,COPDaclid,200,Migrated from Drug Template records to criteria-based actions.,AND(1),false
COPDaclidform_200_Pharmanet_Payload_if_Approved,Pharmanet Payload if Approved,COPDaclidform,200,Migrated from Drug Template records to criteria-based actions.,AND(1),false
COPDflutsalm_200_Pharmanet_Payload_if_Approved,Pharmanet Payload if Approved,COPDflutsalm,200,Migrated from Drug Template records to criteria-based actions.,AND(1),false
COPDflutumecvila_200_Pharmanet_Payload_if_Approved,Pharmanet Payload if Approved,COPDflutumecvila,200,Migrated from Drug Template records to criteria-based actions.,AND(1),false
COPDflutvila_200_Pharmanet_Payload_if_Approved,Pharmanet Payload if Approved,COPDflutvila,200,Migrated from Drug Template records to criteria-based actions.,AND(1),false
COPDglyc_200_Pharmanet_Payload_if_Approved,Pharmanet Payload if Approved,COPDglyc,200,Migrated from Drug Template records to criteria-based actions.,AND(1),false
COPDinda_200_Pharmanet_Payload_if_Approved,Pharmanet Payload if Approved,COPDinda,200,Migrated from Drug Template records to criteria-based actions.,AND(1),false
COPDindaglyc_200_Pharmanet_Payload_if_Approved,Pharmanet Payload if Approved,COPDindaglyc,200,Migrated from Drug Template records to criteria-based actions.,AND(1),false
COPDsalm_200_Pharmanet_Payload_if_Approved,Pharmanet Payload if Approved,COPDsalm,200,Migrated from Drug Template records to criteria-based actions.,AND(1),false
COPDtiop_200_Pharmanet_Payload_if_Approved,Pharmanet Payload if Approved,COPDtiop,200,Migrated from Drug Template records to criteria-based actions.,AND(1),false
COPDtiopolod_200_Pharmanet_Payload_if_Approved,Pharmanet Payload if Approved,COPDtiopolod,200,Migrated from Drug Template records to criteria-based actions.,AND(1),false
COPDumecvila_200_Pharmanet_Payload_if_Approved,Pharmanet Payload if Approved,COPDumecvila,200,Migrated from Drug Template records to criteria-based actions.,AND(1),false
cyclosporin_200_Pharmanet_Payload_if_Approved,Pharmanet Payload if Approved,cyclosporin,200,Migrated from Drug Template records to criteria-based actions.,AND(1),false
cyproinj_200_Pharmanet_Payload_if_Approved,Pharmanet Payload if Approved,cyproinj,200,Migrated from Drug Template records to criteria-based actions.,AND(1),false
cyprooral_200_Pharmanet_Payload_if_Approved,Pharmanet Payload if Approved,cyprooral,200,Migrated from Drug Template records to criteria-based actions.,AND(1),false
dalteparin_200_Pharmanet_Payload_if_Approved,Pharmanet Payload if Approved,dalteparin,200,Migrated from Drug Template records to criteria-based actions.,AND(1),false
deferprox_200_Pharmanet_Payload_if_Approved,Pharmanet Payload if Approved,deferprox,200,Migrated from Drug Template records to criteria-based actions.,AND(1),false
defersirox_200_Pharmanet_Payload_if_Approved,Pharmanet Payload if Approved,defersirox,200,Migrated from Drug Template records to criteria-based actions.,AND(1),false
denosacla_200_Pharmanet_Payload_if_Approved,Pharmanet Payload if Approved,denosacla,200,Migrated from Drug Template records to criteria-based actions.,AND(1),false
denosprol_200_Pharmanet_Payload_if_Approved,Pharmanet Payload if Approved,denosprol,200,Migrated from Drug Template records to criteria-based actions.,AND(1),false
desmopressin_200_Pharmanet_Payload_if_Approved,Pharmanet Payload if Approved,desmopressin,200,Migrated from Drug Template records to criteria-based actions.,AND(1),false
diclo_200_Pharmanet_Payload_if_Approved,Pharmanet Payload if Approved,diclo,200,Migrated from Drug Template records to criteria-based actions.,AND(1),false
diclomiso_200_Pharmanet_Payload_if_Approved,Pharmanet Payload if Approved,diclomiso,200,Migrated from Drug Template records to criteria-based actions.,AND(1),false
dienogest_200_Pharmanet_Payload_if_Approved,Pharmanet Payload if Approved,dienogest,200,Migrated from Drug Template records to criteria-based actions.,AND(1),false
dimethylfumarate_200_Pharmanet_Payload_if_Approved,Pharmanet Payload if Approved,dimethylfumarate,200,Migrated from Drug Template records to criteria-based actions.,AND(1),false
DOACapix_200_Pharmanet_Payload_if_Approved,Pharmanet Payload if Approved,DOACapix,200,Migrated from Drug Template records to criteria-based actions.,AND(1),false
DOACriva_200_Pharmanet_Payload_if_Approved,Pharmanet Payload if Approved,DOACriva,200,Migrated from Drug Template records to criteria-based actions.,AND(1),false
dorzolamide_200_Pharmanet_Payload_if_Approved,Pharmanet Payload if Approved,dorzolamide,200,Migrated from Drug Template records to criteria-based actions.,AND(1),false
DPP4lina_200_Pharmanet_Payload_if_Approved,Pharmanet Payload if Approved,DPP4lina,200,Migrated from Drug Template records to criteria-based actions.,AND(1),false
DPP4saxa_200_Pharmanet_Payload_if_Approved,Pharmanet Payload if Approved,DPP4saxa,200,Migrated from Drug Template records to criteria-based actions.,AND(1),false
dronedarone_200_Pharmanet_Payload_if_Approved,Pharmanet Payload if Approved,dronedarone,200,Migrated from Drug Template records to criteria-based actions.,AND(1),false
duloxetine_200_Pharmanet_Payload_if_Approved,Pharmanet Payload if Approved,duloxetine,200,Migrated from Drug Template records to criteria-based actions.,AND(1),false
duodopa_200_Pharmanet_Payload_if_Approved,Pharmanet Payload if Approved,duodopa,200,Migrated from Drug Template records to criteria-based actions.,AND(1),false
edaravone_200_Pharmanet_Payload_if_Approved,Pharmanet Payload if Approved,edaravone,200,Migrated from Drug Template records to criteria-based actions.,AND(1),false
enbrel_200_Pharmanet_Payload_if_Approved,Pharmanet Payload if Approved,enbrel,200,Migrated from Drug Template records to criteria-based actions.,AND(1),false
enoxaparin_200_Pharmanet_Payload_if_Approved,Pharmanet Payload if Approved,enoxaparin,200,Migrated from Drug Template records to criteria-based actions.,AND(1),false
entacapone_200_Pharmanet_Payload_if_Approved,Pharmanet Payload if Approved,entacapone,200,Migrated from Drug Template records to criteria-based actions.,AND(1),false
entecavir_200_Pharmanet_Payload_if_Approved,Pharmanet Payload if Approved,entecavir,200,Migrated from Drug Template records to criteria-based actions.,AND(1),false
Entresto_200_Pharmanet_Payload_if_Approved,Pharmanet Payload if Approved,Entresto,200,Migrated from Drug Template records to criteria-based actions.,AND(1),false
epclusa_200_Pharmanet_Payload_if_Approved,Pharmanet Payload if Approved,epclusa,200,Migrated from Drug Template records to criteria-based actions.,AND(1),false
epoprostenol_200_Pharmanet_Payload_if_Approved,Pharmanet Payload if Approved,epoprostenol,200,Migrated from Drug Template records to criteria-based actions.,AND(1),false
eslicarbazepine_200_Pharmanet_Payload_if_Approved,Pharmanet Payload if Approved,eslicarbazepine,200,Migrated from Drug Template records to criteria-based actions.,AND(1),false
estraderm_200_Pharmanet_Payload_if_Approved,Pharmanet Payload if Approved,estraderm,200,Migrated from Drug Template records to criteria-based actions.,AND(1),false
etanbiosim_200_Pharmanet_Payload_if_Approved,Pharmanet Payload if Approved,etanbiosim,200,Migrated from Drug Template records to criteria-based actions.,AND(1),false
evo_200_Pharmanet_Payload_if_Approved,Pharmanet Payload if Approved,evo,200,Migrated from Drug Template records to criteria-based actions.,AND(1),false
ezetimibe_200_Pharmanet_Payload_if_Approved,Pharmanet Payload if Approved,ezetimibe,200,Migrated from Drug Template records to criteria-based actions.,AND(1),false
febuxostat_200_Pharmanet_Payload_if_Approved,Pharmanet Payload if Approved,febuxostat,200,Migrated from Drug Template records to criteria-based actions.,AND(1),false
fent_patch_200_Pharmanet_Payload_if_Approved,Pharmanet Payload if Approved,fent patch,200,Migrated from Drug Template records to criteria-based actions.,AND(1),false
fidaxomicin_200_Pharmanet_Payload_if_Approved,Pharmanet Payload if Approved,fidaxomicin,200,Migrated from Drug Template records to criteria-based actions.,AND(1),false
filgrastim_200_Pharmanet_Payload_if_Approved,Pharmanet Payload if Approved,filgrastim,200,Migrated from Drug Template records to criteria-based actions.,AND(1),false
fingolimod_200_Pharmanet_Payload_if_Approved,Pharmanet Payload if Approved,fingolimod,200,Migrated from Drug Template records to criteria-based actions.,AND(1),false
fluconsolids_200_Pharmanet_Payload_if_Approved,Pharmanet Payload if Approved,fluconsolids,200,Migrated from Drug Template records to criteria-based actions.,AND(1),false
gabapentin_200_Pharmanet_Payload_if_Approved,Pharmanet Payload if Approved,gabapentin,200,Migrated from Drug Template records to criteria-based actions.,AND(1),false
glatiramer_200_Pharmanet_Payload_if_Approved,Pharmanet Payload if Approved,glatiramer,200,Migrated from Drug Template records to criteria-based actions.,AND(1),false
gliclazide_100_Approve_Case,Approve Case,gliclazide,100,Migrated from Adjudication Criteria records to criteria-based actions.,"OR(AND(2,3), 1)",false
gliclazide_200_Pharmanet_Payload_if_Approved,Pharmanet Payload if Approved,gliclazide,200,Migrated from Drug Template records to criteria-based actions.,AND(1),false
golim_200_Pharmanet_Payload_if_Approved,Pharmanet Payload if Approved,golim,200,Migrated from Drug Template records to criteria-based actions.,AND(1),false
goserelin_200_Pharmanet_Payload_if_Approved,Pharmanet Payload if Approved,goserelin,200,Migrated from Drug Template records to criteria-based actions.,AND(1),false
H2Bcime_200_Pharmanet_Payload_if_Approved,Pharmanet Payload if Approved,H2Bcime,200,Migrated from Drug Template records to criteria-based actions.,AND(1),false
H2Bfamo_200_Pharmanet_Payload_if_Approved,Pharmanet Payload if Approved,H2Bfamo,200,Migrated from Drug Template records to criteria-based actions.,AND(1),false
H2Bniza_200_Pharmanet_Payload_if_Approved,Pharmanet Payload if Approved,H2Bniza,200,Migrated from Drug Template records to criteria-based actions.,AND(1),false
harvoni_200_Pharmanet_Payload_if_Approved,Pharmanet Payload if Approved,harvoni,200,Migrated from Drug Template records to criteria-based actions.,AND(1),false
Humira_200_Pharmanet_Payload_if_Approved,Pharmanet Payload if Approved,Humira,200,Migrated from Drug Template records to criteria-based actions.,AND(1),false
hydromorph50inj_200_Pharmanet_Payload_if_Approved,Pharmanet Payload if Approved,hydromorph50inj,200,Migrated from Drug Template records to criteria-based actions.,AND(1),false
hydromorphSR_200_Pharmanet_Payload_if_Approved,Pharmanet Payload if Approved,hydromorphSR,200,Migrated from Drug Template records to criteria-based actions.,AND(1),false
hydroxyurea_200_Pharmanet_Payload_if_Approved,Pharmanet Payload if Approved,hydroxyurea,200,Migrated from Drug Template records to criteria-based actions.,AND(1),false
hydroxyzine_200_Pharmanet_Payload_if_Approved,Pharmanet Payload if Approved,hydroxyzine,200,Migrated from Drug Template records to criteria-based actions.,AND(1),false
icat_200_Pharmanet_Payload_if_Approved,Pharmanet Payload if Approved,icat,200,Migrated from Drug Template records to criteria-based actions.,AND(1),false
incobot_200_Pharmanet_Payload_if_Approved,Pharmanet Payload if Approved,incobot,200,Migrated from Drug Template records to criteria-based actions.,AND(1),false
indapamide_200_Pharmanet_Payload_if_Approved,Pharmanet Payload if Approved,indapamide,200,Migrated from Drug Template records to criteria-based actions.,AND(1),false
inflix_200_Pharmanet_Payload_if_Approved,Pharmanet Payload if Approved,inflix,200,Migrated from Drug Template records to criteria-based actions.,AND(1),false
interferonA_200_Pharmanet_Payload_if_Approved,Pharmanet Payload if Approved,interferonA,200,Migrated from Drug Template records to criteria-based actions.,AND(1),false
interferonB1B_200_Pharmanet_Payload_if_Approved,Pharmanet Payload if Approved,interferonB1B,200,Migrated from Drug Template records to criteria-based actions.,AND(1),false
isavuconazole_200_Pharmanet_Payload_if_Approved,Pharmanet Payload if Approved,isavuconazole,200,Migrated from Drug Template records to criteria-based actions.,AND(1),false
ismn_200_Pharmanet_Payload_if_Approved,Pharmanet Payload if Approved,ismn,200,Migrated from Drug Template records to criteria-based actions.,AND(1),false
itraconazole_200_Pharmanet_Payload_if_Approved,Pharmanet Payload if Approved,itraconazole,200,Migrated from Drug Template records to criteria-based actions.,AND(1),false
ivabradine_200_Pharmanet_Payload_if_Approved,Pharmanet Payload if Approved,ivabradine,200,Migrated from Drug Template records to criteria-based actions.,AND(1),false
ixekiz_200_Pharmanet_Payload_if_Approved,Pharmanet Payload if Approved,ixekiz,200,Migrated from Drug Template records to criteria-based actions.,AND(1),false
LABAflutsalm_200_Pharmanet_Payload_if_Approved,Pharmanet Payload if Approved,LABAflutsalm,200,Migrated from Drug Template records to criteria-based actions.,AND(1),false
LABAflutvila_200_Pharmanet_Payload_if_Approved,Pharmanet Payload if Approved,LABAflutvila,200,Migrated from Drug Template records to criteria-based actions.,AND(1),false
LABAform_200_Pharmanet_Payload_if_Approved,Pharmanet Payload if Approved,LABAform,200,Migrated from Drug Template records to criteria-based actions.,AND(1),false
LABAformbude_200_Pharmanet_Payload_if_Approved,Pharmanet Payload if Approved,LABAformbude,200,Migrated from Drug Template records to criteria-based actions.,AND(1),false
LABAformmom_200_Pharmanet_Payload_if_Approved,Pharmanet Payload if Approved,LABAformmom,200,Migrated from Drug Template records to criteria-based actions.,AND(1),false
LABAsalm_200_Pharmanet_Payload_if_Approved,Pharmanet Payload if Approved,LABAsalm,200,Migrated from Drug Template records to criteria-based actions.,AND(1),false
lacolaco_200_Pharmanet_Payload_if_Approved,Pharmanet Payload if Approved,lacolaco,200,Migrated from Drug Template records to criteria-based actions.,AND(1),false
lacopera_200_Pharmanet_Payload_if_Approved,Pharmanet Payload if Approved,lacopera,200,Migrated from Drug Template records to criteria-based actions.,AND(1),false
lactulose_200_Pharmanet_Payload_if_Approved,Pharmanet Payload if Approved,lactulose,200,Migrated from Drug Template records to criteria-based actions.,AND(1),false
LAinsulinbasa_200_Pharmanet_Payload_if_Approved,Pharmanet Payload if Approved,LAinsulinbasa,200,Migrated from Drug Template records to criteria-based actions.,AND(1),false
Lainsulindete_200_Pharmanet_Payload_if_Approved,Pharmanet Payload if Approved,Lainsulindete,200,Migrated from Drug Template records to criteria-based actions.,AND(1),false
lamivudine_200_Pharmanet_Payload_if_Approved,Pharmanet Payload if Approved,lamivudine,200,Migrated from Drug Template records to criteria-based actions.,AND(1),false
LBMdiph_200_Pharmanet_Payload_if_Approved,Pharmanet Payload if Approved,LBMdiph,200,Migrated from Drug Template records to criteria-based actions.,AND(1),false
LBMlope_200_Pharmanet_Payload_if_Approved,Pharmanet Payload if Approved,LBMlope,200,Migrated from Drug Template records to criteria-based actions.,AND(1),false
leflunomide_200_Pharmanet_Payload_if_Approved,Pharmanet Payload if Approved,leflunomide,200,Migrated from Drug Template records to criteria-based actions.,AND(1),false
leuprolide_200_Pharmanet_Payload_if_Approved,Pharmanet Payload if Approved,leuprolide,200,Migrated from Drug Template records to criteria-based actions.,AND(1),false
levetiracetam_200_Pharmanet_Payload_if_Approved,Pharmanet Payload if Approved,levetiracetam,200,Migrated from Drug Template records to criteria-based actions.,AND(1),false
linezolid_200_Pharmanet_Payload_if_Approved,Pharmanet Payload if Approved,linezolid,200,Migrated from Drug Template records to criteria-based actions.,AND(1),false
Maintenaarip_200_Pharmanet_Payload_if_Approved,Pharmanet Payload if Approved,Maintenaarip,200,Migrated from Drug Template records to criteria-based actions.,AND(1),false
Maintenapalisust_200_Pharmanet_Payload_if_Approved,Pharmanet Payload if Approved,Maintenapalisust,200,Migrated from Drug Template records to criteria-based actions.,AND(1),false
Maintenapalitrin_200_Pharmanet_Payload_if_Approved,Pharmanet Payload if Approved,Maintenapalitrin,200,Migrated from Drug Template records to criteria-based actions.,AND(1),false
Maintenarisp_200_Pharmanet_Payload_if_Approved,Pharmanet Payload if Approved,Maintenarisp,200,Migrated from Drug Template records to criteria-based actions.,AND(1),false
maviret_200_Pharmanet_Payload_if_Approved,Pharmanet Payload if Approved,maviret,200,Migrated from Drug Template records to criteria-based actions.,AND(1),false
meloxicam_200_Pharmanet_Payload_if_Approved,Pharmanet Payload if Approved,meloxicam,200,Migrated from Drug Template records to criteria-based actions.,AND(1),false
mepolizumab_200_Pharmanet_Payload_if_Approved,Pharmanet Payload if Approved,mepolizumab,200,Migrated from Drug Template records to criteria-based actions.,AND(1),false
mercaptopurine_200_Pharmanet_Payload_if_Approved,Pharmanet Payload if Approved,mercaptopurine,200,Migrated from Drug Template records to criteria-based actions.,AND(1),false
methotrexatePFsyringe_200_Pharmanet_Payload_if_Approved,Pharmanet Payload if Approved,methotrexatePFsyringe,200,Migrated from Drug Template records to criteria-based actions.,AND(1),false
methotrexateVial_200_Pharmanet_Payload_if_Approved,Pharmanet Payload if Approved,methotrexateVial,200,Migrated from Drug Template records to criteria-based actions.,AND(1),false
miniMed_200_Pharmanet_Payload_if_Approved,Pharmanet Payload if Approved,miniMed,200,Migrated from Drug Template records to criteria-based actions.,AND(1),false
mmf_200_Pharmanet_Payload_if_Approved,Pharmanet Payload if Approved,mmf,200,Migrated from Drug Template records to criteria-based actions.,AND(1),false
modafinil_200_Pharmanet_Payload_if_Approved,Pharmanet Payload if Approved,modafinil,200,Migrated from Drug Template records to criteria-based actions.,AND(1),false
mometNS_200_Pharmanet_Payload_if_Approved,Pharmanet Payload if Approved,mometNS,200,Migrated from Drug Template records to criteria-based actions.,AND(1),false
nabumetone_200_Pharmanet_Payload_if_Approved,Pharmanet Payload if Approved,nabumetone,200,Migrated from Drug Template records to criteria-based actions.,AND(1),false
nadroparin_200_Pharmanet_Payload_if_Approved,Pharmanet Payload if Approved,nadroparin,200,Migrated from Drug Template records to criteria-based actions.,AND(1),false
naproEC_200_Pharmanet_Payload_if_Approved,Pharmanet Payload if Approved,naproEC,200,Migrated from Drug Template records to criteria-based actions.,AND(1),false
natalizumab_200_Pharmanet_Payload_if_Approved,Pharmanet Payload if Approved,natalizumab,200,Migrated from Drug Template records to criteria-based actions.,AND(1),false
nebulesbude_200_Pharmanet_Payload_if_Approved,Pharmanet Payload if Approved,nebulesbude,200,Migrated from Drug Template records to criteria-based actions.,AND(1),false
nebulescrom_200_Pharmanet_Payload_if_Approved,Pharmanet Payload if Approved,nebulescrom,200,Migrated from Drug Template records to criteria-based actions.,AND(1),false
nebulesipra_200_Pharmanet_Payload_if_Approved,Pharmanet Payload if Approved,nebulesipra,200,Migrated from Drug Template records to criteria-based actions.,AND(1),false
nebulesiprasalb_200_Pharmanet_Payload_if_Approved,Pharmanet Payload if Approved,nebulesiprasalb,200,Migrated from Drug Template records to criteria-based actions.,AND(1),false
nebulessalb_200_Pharmanet_Payload_if_Approved,Pharmanet Payload if Approved,nebulessalb,200,Migrated from Drug Template records to criteria-based actions.,AND(1),false
netupitant_200_Pharmanet_Payload_if_Approved,Pharmanet Payload if Approved,netupitant,200,Migrated from Drug Template records to criteria-based actions.,AND(1),false
nintedanib_200_Pharmanet_Payload_if_Approved,Pharmanet Payload if Approved,nintedanib,200,Migrated from Drug Template records to criteria-based actions.,AND(1),false
nitisinone_200_Pharmanet_Payload_if_Approved,Pharmanet Payload if Approved,nitisinone,200,Migrated from Drug Template records to criteria-based actions.,AND(1),false
NSAIDdiflu_200_Pharmanet_Payload_if_Approved,Pharmanet Payload if Approved,NSAIDdiflu,200,Migrated from Drug Template records to criteria-based actions.,AND(1),false
NSAIDflur_200_Pharmanet_Payload_if_Approved,Pharmanet Payload if Approved,NSAIDflur,200,Migrated from Drug Template records to criteria-based actions.,AND(1),false
NSAIDindo_200_Pharmanet_Payload_if_Approved,Pharmanet Payload if Approved,NSAIDindo,200,Migrated from Drug Template records to criteria-based actions.,AND(1),false
NSAIDketo_200_Pharmanet_Payload_if_Approved,Pharmanet Payload if Approved,NSAIDketo,200,Migrated from Drug Template records to criteria-based actions.,AND(1),false
NSAIDketoSR_200_Pharmanet_Payload_if_Approved,Pharmanet Payload if Approved,NSAIDketoSR,200,Migrated from Drug Template records to criteria-based actions.,AND(1),false
OBE_200_Pharmanet_Payload_if_Approved,Pharmanet Payload if Approved,OBE,200,Migrated from Drug Template records to criteria-based actions.,AND(1),false
ocrelizumab_200_Pharmanet_Payload_if_Approved,Pharmanet Payload if Approved,ocrelizumab,200,Migrated from Drug Template records to criteria-based actions.,AND(1),false
ofloxacin_200_Pharmanet_Payload_if_Approved,Pharmanet Payload if Approved,ofloxacin,200,Migrated from Drug Template records to criteria-based actions.,AND(1),false
olan_200_Pharmanet_Payload_if_Approved,Pharmanet Payload if Approved,olan,200,Migrated from Drug Template records to criteria-based actions.,AND(1),false
omnipod_200_Pharmanet_Payload_if_Approved,Pharmanet Payload if Approved,omnipod,200,Migrated from Drug Template records to criteria-based actions.,AND(1),false
onabot_200_Pharmanet_Payload_if_Approved,Pharmanet Payload if Approved,onabot,200,Migrated from Drug Template records to criteria-based actions.,AND(1),false
other_200_Pharmanet_Payload_if_Approved,Pharmanet Payload if Approved,other,200,Migrated from Drug Template records to criteria-based actions.,AND(1),false
otherInsulinPumpNotApproved_200_Pharmanet_Payload_if_Approved,Pharmanet Payload if Approved,otherInsulinPumpNotApproved,200,Migrated from Drug Template records to criteria-based actions.,AND(1),false
Pagetsalen_200_Pharmanet_Payload_if_Approved,Pharmanet Payload if Approved,Pagetsalen,200,Migrated from Drug Template records to criteria-based actions.,AND(1),false
Pagetsrise_200_Pharmanet_Payload_if_Approved,Pharmanet Payload if Approved,Pagetsrise,200,Migrated from Drug Template records to criteria-based actions.,AND(1),false
PAH1_200_Pharmanet_Payload_if_Approved,Pharmanet Payload if Approved,PAH1,200,Migrated from Drug Template records to criteria-based actions.,AND(1),false
PAH2_200_Pharmanet_Payload_if_Approved,Pharmanet Payload if Approved,PAH2,200,Migrated from Drug Template records to criteria-based actions.,AND(1),false
PAH4_200_Pharmanet_Payload_if_Approved,Pharmanet Payload if Approved,PAH4,200,Migrated from Drug Template records to criteria-based actions.,AND(1),false
PAH5_200_Pharmanet_Payload_if_Approved,Pharmanet Payload if Approved,PAH5,200,Migrated from Drug Template records to criteria-based actions.,AND(1),false
pamidronate_200_Pharmanet_Payload_if_Approved,Pharmanet Payload if Approved,pamidronate,200,Migrated from Drug Template records to criteria-based actions.,AND(1),false
pentazocine_200_Pharmanet_Payload_if_Approved,Pharmanet Payload if Approved,pentazocine,200,Migrated from Drug Template records to criteria-based actions.,AND(1),false
pimecro_200_Pharmanet_Payload_if_Approved,Pharmanet Payload if Approved,pimecro,200,Migrated from Drug Template records to criteria-based actions.,AND(1),false
pirfenidone_200_Pharmanet_Payload_if_Approved,Pharmanet Payload if Approved,pirfenidone,200,Migrated from Drug Template records to criteria-based actions.,AND(1),false
piroxicam_200_Pharmanet_Payload_if_Approved,Pharmanet Payload if Approved,piroxicam,200,Migrated from Drug Template records to criteria-based actions.,AND(1),false
prami_200_Pharmanet_Payload_if_Approved,Pharmanet Payload if Approved,prami,200,Migrated from Drug Template records to criteria-based actions.,AND(1),false
propranolol_200_Pharmanet_Payload_if_Approved,Pharmanet Payload if Approved,propranolol,200,Migrated from Drug Template records to criteria-based actions.,AND(1),false
prostaglandin_200_Pharmanet_Payload_if_Approved,Pharmanet Payload if Approved,prostaglandin,200,Migrated from Drug Template records to criteria-based actions.,AND(1),false
ralox_200_Pharmanet_Payload_if_Approved,Pharmanet Payload if Approved,ralox,200,Migrated from Drug Template records to criteria-based actions.,AND(1),false
Rebif_200_Pharmanet_Payload_if_Approved,Pharmanet Payload if Approved,Rebif,200,Migrated from Drug Template records to criteria-based actions.,AND(1),false
rifaximin_200_Pharmanet_Payload_if_Approved,Pharmanet Payload if Approved,rifaximin,200,Migrated from Drug Template records to criteria-based actions.,AND(1),false
risan_200_Pharmanet_Payload_if_Approved,Pharmanet Payload if Approved,risan,200,Migrated from Drug Template records to criteria-based actions.,AND(1),false
ritux_200_Pharmanet_Payload_if_Approved,Pharmanet Payload if Approved,ritux,200,Migrated from Drug Template records to criteria-based actions.,AND(1),false
ropinirole_200_Pharmanet_Payload_if_Approved,Pharmanet Payload if Approved,ropinirole,200,Migrated from Drug Template records to criteria-based actions.,AND(1),false
rotig_200_Pharmanet_Payload_if_Approved,Pharmanet Payload if Approved,rotig,200,Migrated from Drug Template records to criteria-based actions.,AND(1),false
rufinamide_200_Pharmanet_Payload_if_Approved,Pharmanet Payload if Approved,rufinamide,200,Migrated from Drug Template records to criteria-based actions.,AND(1),false
sarilumab_200_Pharmanet_Payload_if_Approved,Pharmanet Payload if Approved,sarilumab,200,Migrated from Drug Template records to criteria-based actions.,AND(1),false
secukinumab_200_Pharmanet_Payload_if_Approved,Pharmanet Payload if Approved,secukinumab,200,Migrated from Drug Template records to criteria-based actions.,AND(1),false
semaglutide_200_Pharmanet_Payload_if_Approved,Pharmanet Payload if Approved,semaglutide,200,Migrated from Drug Template records to criteria-based actions.,AND(1),false
SGLT2_200_Pharmanet_Payload_if_Approved,Pharmanet Payload if Approved,SGLT2,200,Migrated from Drug Template records to criteria-based actions.,AND(1),false
sildenafil_200_Pharmanet_Payload_if_Approved,Pharmanet Payload if Approved,sildenafil,200,Migrated from Drug Template records to criteria-based actions.,AND(1),false
solifen_200_Pharmanet_Payload_if_Approved,Pharmanet Payload if Approved,solifen,200,Migrated from Drug Template records to criteria-based actions.,AND(1),false
somatropin_200_Pharmanet_Payload_if_Approved,Pharmanet Payload if Approved,somatropin,200,Migrated from Drug Template records to criteria-based actions.,AND(1),false
sovaldi_200_Pharmanet_Payload_if_Approved,Pharmanet Payload if Approved,sovaldi,200,Migrated from Drug Template records to criteria-based actions.,AND(1),false
statinsfluv_200_Pharmanet_Payload_if_Approved,Pharmanet Payload if Approved,statinsfluv,200,Migrated from Drug Template records to criteria-based actions.,AND(1),false
statinslova_200_Pharmanet_Payload_if_Approved,Pharmanet Payload if Approved,statinslova,200,Migrated from Drug Template records to criteria-based actions.,AND(1),false
statinsprav_200_Pharmanet_Payload_if_Approved,Pharmanet Payload if Approved,statinsprav,200,Migrated from Drug Template records to criteria-based actions.,AND(1),false
statinssimv_200_Pharmanet_Payload_if_Approved,Pharmanet Payload if Approved,statinssimv,200,Migrated from Drug Template records to criteria-based actions.,AND(1),false
stiripen_200_Pharmanet_Payload_if_Approved,Pharmanet Payload if Approved,stiripen,200,Migrated from Drug Template records to criteria-based actions.,AND(1),false
sulindac_200_Pharmanet_Payload_if_Approved,Pharmanet Payload if Approved,sulindac,200,Migrated from Drug Template records to criteria-based actions.,AND(1),false
sumatrip_200_Pharmanet_Payload_if_Approved,Pharmanet Payload if Approved,sumatrip,200,Migrated from Drug Template records to criteria-based actions.,AND(1),false
tacrotopical_200_Pharmanet_Payload_if_Approved,Pharmanet Payload if Approved,tacrotopical,200,Migrated from Drug Template records to criteria-based actions.,AND(1),false
tadalafil_200_Pharmanet_Payload_if_Approved,Pharmanet Payload if Approved,tadalafil,200,Migrated from Drug Template records to criteria-based actions.,AND(1),false
tenofovir_200_Pharmanet_Payload_if_Approved,Pharmanet Payload if Approved,tenofovir,200,Migrated from Drug Template records to criteria-based actions.,AND(1),false
tenoxicam_200_Pharmanet_Payload_if_Approved,Pharmanet Payload if Approved,tenoxicam,200,Migrated from Drug Template records to criteria-based actions.,AND(1),false
terbinafine_200_Pharmanet_Payload_if_Approved,Pharmanet Payload if Approved,terbinafine,200,Migrated from Drug Template records to criteria-based actions.,AND(1),false
teriflunomide_200_Pharmanet_Payload_if_Approved,Pharmanet Payload if Approved,teriflunomide,200,Migrated from Drug Template records to criteria-based actions.,AND(1),false
testosteronecypi_200_Pharmanet_Payload_if_Approved,Pharmanet Payload if Approved,testosteronecypi,200,Migrated from Drug Template records to criteria-based actions.,AND(1),false
testosteroneenan_200_Pharmanet_Payload_if_Approved,Pharmanet Payload if Approved,testosteroneenan,200,Migrated from Drug Template records to criteria-based actions.,AND(1),false
testosteroneprop_200_Pharmanet_Payload_if_Approved,Pharmanet Payload if Approved,testosteroneprop,200,Migrated from Drug Template records to criteria-based actions.,AND(1),false
tiaprofenic_200_Pharmanet_Payload_if_Approved,Pharmanet Payload if Approved,tiaprofenic,200,Migrated from Drug Template records to criteria-based actions.,AND(1),false
ticag_200_Pharmanet_Payload_if_Approved,Pharmanet Payload if Approved,ticag,200,Migrated from Drug Template records to criteria-based actions.,AND(1),false
ticlo_200_Pharmanet_Payload_if_Approved,Pharmanet Payload if Approved,ticlo,200,Migrated from Drug Template records to criteria-based actions.,AND(1),false
tinzaparin_200_Pharmanet_Payload_if_Approved,Pharmanet Payload if Approved,tinzaparin,200,Migrated from Drug Template records to criteria-based actions.,AND(1),false
tizan_200_Pharmanet_Payload_if_Approved,Pharmanet Payload if Approved,tizan,200,Migrated from Drug Template records to criteria-based actions.,AND(1),false
tobi_200_Pharmanet_Payload_if_Approved,Pharmanet Payload if Approved,tobi,200,Migrated from Drug Template records to criteria-based actions.,AND(1),false
tociliz_200_Pharmanet_Payload_if_Approved,Pharmanet Payload if Approved,tociliz,200,Migrated from Drug Template records to criteria-based actions.,AND(1),false
tretinoin_200_Pharmanet_Payload_if_Approved,Pharmanet Payload if Approved,tretinoin,200,Migrated from Drug Template records to criteria-based actions.,AND(1),false
Twynsta_200_Pharmanet_Payload_if_Approved,Pharmanet Payload if Approved,Twynsta,200,Migrated from Drug Template records to criteria-based actions.,AND(1),false
TZDpio_200_Pharmanet_Payload_if_Approved,Pharmanet Payload if Approved,TZDpio,200,Migrated from Drug Template records to criteria-based actions.,AND(1),false
uste_200_Pharmanet_Payload_if_Approved,Pharmanet Payload if Approved,uste,200,Migrated from Drug Template records to criteria-based actions.,AND(1),false
valganciclovir_200_Pharmanet_Payload_if_Approved,Pharmanet Payload if Approved,valganciclovir,200,Migrated from Drug Template records to criteria-based actions.,AND(1),false
vancomycin_200_Pharmanet_Payload_if_Approved,Pharmanet Payload if Approved,vancomycin,200,Migrated from Drug Template records to criteria-based actions.,AND(1),false
vedoIV_200_Pharmanet_Payload_if_Approved,Pharmanet Payload if Approved,vedoIV,200,Migrated from Drug Template records to criteria-based actions.,AND(1),false
voriconazole_200_Pharmanet_Payload_if_Approved,Pharmanet Payload if Approved,voriconazole,200,Migrated from Drug Template records to criteria-based actions.,AND(1),false
vosevi_200_Pharmanet_Payload_if_Approved,Pharmanet Payload if Approved,vosevi,200,Migrated from Drug Template records to criteria-based actions.,AND(1),false
ypsoPump_200_Pharmanet_Payload_if_Approved,Pharmanet Payload if Approved,ypsoPump,200,Migrated from Drug Template records to criteria-based actions.,AND(1),false
zepatier_200_Pharmanet_Payload_if_Approved,Pharmanet Payload if Approved,zepatier,200,Migrated from Drug Template records to criteria-based actions.,AND(1),false
zip_200_Pharmanet_Payload_if_Approved,Pharmanet Payload if Approved,zip,200,Migrated from Drug Template records to criteria-based actions.,AND(1),false
zopiclone_200_Pharmanet_Payload_if_Approved,Pharmanet Payload if Approved,zopiclone,200,Migrated from Drug Template records to criteria-based actions.,AND(1),false
