Account Name,RecordType
Akcea Therapeutics Inc.,Manufacturer
Alexion Pharma GMBH,Manufacturer
Alnylam Netherlands B.V.,Manufacturer
Amicus Therapeutics Canada Inc.,Manufacturer
Biogen Canada Inc.,Manufacturer
BioMarin International Limited,Manufacturer
Hoffmann-La Roche Limited,Manufacturer
Horizon Therapeutics Ireland Dac,Manufacturer
Ipsen Biopharmaceuticals Canada Inc.,Manufacturer
Kyowa Kirin Inc.,Manufacturer
Novartis Pharmaceuticals Canada Inc.,Manufacturer
Pfizer Canada ULC,Manufacturer
Sandoz Canada Incorporated,Manufacturer
Sanofi-Aventis Canada Inc.,Manufacturer
Takeda Canada Inc.,Manufacturer
Ultragenyx Pharmaceutical Inc.,Manufacturer
Vertex Pharmaceuticals (Canada) Incorporated,Manufacturer
Swedish Orphan Biovitrum AB (Publ),Manufacturer
